{"cameraMode":{"drawMode":0,"name":"Shaded","section":"Shading Mode"},"sceneLighting":true,"audioPlay":false,"sceneViewState":{"showFog":true,"showMaterialUpdate":true,"showSkybox":true,"showFlares":true,"showImageEffects":true,"showParticleSystems":true},"in2DMode":false,"pivot":{"x":-75.63031768798828,"y":52.88206481933594,"z":680.2327270507813},"rotation":{"x":-0.17456597089767457,"y":-0.061401426792144778,"z":0.010907499119639397,"w":-0.9826686978340149},"size":1405.166748046875,"orthographic":false}